/*
SQLyog Ultimate v11.42 (64 bit)
MySQL - 5.6.25 : Database - yayi_spring_boot
*********************************************************************
*/

/*!40101 SET NAMES utf8 */;

/*!40101 SET SQL_MODE=''*/;

/*!40014 SET @OLD_UNIQUE_CHECKS=@@UNIQUE_CHECKS, UNIQUE_CHECKS=0 */;
/*!40014 SET @OLD_FOREIGN_KEY_CHECKS=@@FOREIGN_KEY_CHECKS, FOREIGN_KEY_CHECKS=0 */;
/*!40101 SET @OLD_SQL_MODE=@@SQL_MODE, SQL_MODE='NO_AUTO_VALUE_ON_ZERO' */;
/*!40111 SET @OLD_SQL_NOTES=@@SQL_NOTES, SQL_NOTES=0 */;
CREATE DATABASE /*!32312 IF NOT EXISTS*/`yayi_spring_boot` /*!40100 DEFAULT CHARACTER SET utf8 */;

USE `yayi_spring_boot`;

/*Table structure for table `def_config` */

DROP TABLE IF EXISTS `def_config`;

CREATE TABLE `def_config` (
  `id` int(10) NOT NULL AUTO_INCREMENT COMMENT 'id',
  `module` varchar(50) NOT NULL DEFAULT '' COMMENT '所属模块',
  `name` varchar(50) NOT NULL DEFAULT '' COMMENT '配置名称',
  `description` varchar(50) NOT NULL DEFAULT '' COMMENT '描述',
  `k` varchar(255) NOT NULL DEFAULT '' COMMENT 'key',
  `v` varchar(2000) NOT NULL DEFAULT '' COMMENT 'value',
  `create_time` datetime NOT NULL DEFAULT '0000-00-00 00:00:00' COMMENT '创建时间',
  `update_time` datetime NOT NULL DEFAULT '0000-00-00 00:00:00' COMMENT '修改时间',
  `create_id` int(11) NOT NULL DEFAULT '0' COMMENT '创建人id',
  `update_id` int(11) NOT NULL DEFAULT '0' COMMENT '修改人id',
  PRIMARY KEY (`id`)
) ENGINE=InnoDB AUTO_INCREMENT=11 DEFAULT CHARSET=utf8;

/*Data for the table `def_config` */

LOCK TABLES `def_config` WRITE;

insert  into `def_config`(`id`,`module`,`name`,`description`,`k`,`v`,`create_time`,`update_time`,`create_id`,`update_id`) values (1,'site','site','前台地址','front.domain','http://localhost:8082/box/front','0000-00-00 00:00:00','0000-00-00 00:00:00',0,0),(2,'site','site','附件主机地址','attach.domain','http://localhost:8082/box','0000-00-00 00:00:00','0000-00-00 00:00:00',0,0),(3,'site','mail','SMTP主机','mail.host','smtp.126.com','0000-00-00 00:00:00','0000-00-00 00:00:00',0,0),(4,'site','mail','邮箱端口','mail.port','25','0000-00-00 00:00:00','0000-00-00 00:00:00',0,0),(5,'site','mail','邮箱地址','mail.username','platformitmuch@126.com','0000-00-00 00:00:00','0000-00-00 00:00:00',0,0),(6,'site','mail','邮箱密码','mail.password','klozndsbemteyrih','0000-00-00 00:00:00','0000-00-00 00:00:00',0,0),(7,'site','mail','是否认证','mail.smtp.auth','true','0000-00-00 00:00:00','0000-00-00 00:00:00',0,0),(8,'site','mail','发信人','mail.from','发信人1','0000-00-00 00:00:00','0000-00-00 00:00:00',0,0),(9,'site','mail','注册邮箱主题','mail.reg.subject','[]注册邮箱','0000-00-00 00:00:00','0000-00-00 00:00:00',0,0),(10,'site','mail','注册邮箱模板','mail.reg.text','<!DOCTYPE html>\n<html>\n<head>\n<meta charset=\"UTF-8\">\n<title>Insert title here</title>\n</head>\n<body>\n<pre>\n您好！<br>\n您于 ${(date?string(\"yyyy年MM月dd日 hh:mm\"))!} 注册东信宝帐号${email!} ，点击以下链接，即可完成注册：<br>\n${url!}<br>\n(如果您无法点击此链接，请将它复制到浏览器地址栏后访问)<br>\n1、为了保障您帐号的安全性，请在 24小时内完成注册，此链接将在您注册完成后失效<br>\n2、请尽快完成注册，否则过期，即${(endDate?string(\"yyyy年MM月dd日 hh:mm\"))!}后该链接失效。<br>\n<br>\n东信宝团队<br>\n<br>\n${(date?string(\"yyyy年MM月dd日\"))!}<br>\n</pre>\n</body>\n</html>','0000-00-00 00:00:00','0000-00-00 00:00:00',0,0);

UNLOCK TABLES;

/*Table structure for table `def_recomend` */

DROP TABLE IF EXISTS `def_recomend`;

CREATE TABLE `def_recomend` (
  `id` int(10) NOT NULL AUTO_INCREMENT COMMENT 'id',
  `name` varchar(30) NOT NULL DEFAULT '' COMMENT '推荐名称',
  `create_time` datetime NOT NULL DEFAULT '0000-00-00 00:00:00' COMMENT '创建时间',
  `update_time` datetime NOT NULL DEFAULT '0000-00-00 00:00:00' COMMENT '修改时间',
  `create_id` int(11) NOT NULL DEFAULT '0' COMMENT '创建人id',
  `update_id` int(11) NOT NULL DEFAULT '0' COMMENT '修改人id',
  PRIMARY KEY (`id`)
) ENGINE=InnoDB AUTO_INCREMENT=5 DEFAULT CHARSET=utf8;

/*Data for the table `def_recomend` */

LOCK TABLES `def_recomend` WRITE;

insert  into `def_recomend`(`id`,`name`,`create_time`,`update_time`,`create_id`,`update_id`) values (1,'首页焦点图推荐','0000-00-00 00:00:00','0000-00-00 00:00:00',0,0),(2,'首页头条推荐','0000-00-00 00:00:00','0000-00-00 00:00:00',0,0),(3,'栏目首页推荐','0000-00-00 00:00:00','0000-00-00 00:00:00',0,0),(4,'栏目焦点图推荐','0000-00-00 00:00:00','0000-00-00 00:00:00',0,0);

UNLOCK TABLES;

/*Table structure for table `f_attach` */

DROP TABLE IF EXISTS `f_attach`;

CREATE TABLE `f_attach` (
  `id` int(10) NOT NULL AUTO_INCREMENT COMMENT 'id',
  `member_id` int(11) NOT NULL DEFAULT '0' COMMENT 'f_member.id',
  `original_filename` varchar(80) NOT NULL DEFAULT '' COMMENT '原始的文件名',
  `uuid` varchar(80) NOT NULL DEFAULT '' COMMENT '文件uuid(即不带后缀存储文件名)',
  `path` varchar(255) NOT NULL DEFAULT '' COMMENT '存放路径(相对于f_config表attach.domain)',
  `create_time` datetime NOT NULL DEFAULT '0000-00-00 00:00:00' COMMENT '创建时间',
  `update_time` datetime NOT NULL DEFAULT '0000-00-00 00:00:00' COMMENT '修改时间',
  `create_id` int(11) NOT NULL DEFAULT '0' COMMENT '创建人id',
  `update_id` int(11) NOT NULL DEFAULT '0' COMMENT '修改人id',
  PRIMARY KEY (`id`)
) ENGINE=InnoDB AUTO_INCREMENT=146 DEFAULT CHARSET=utf8;

/*Data for the table `f_attach` */

LOCK TABLES `f_attach` WRITE;

insert  into `f_attach`(`id`,`member_id`,`original_filename`,`uuid`,`path`,`create_time`,`update_time`,`create_id`,`update_id`) values (1,-1,'banner.jpg','5925c1ac-730c-4f61-8d72-a596e9687048','upload/001/-1/20160106/5925c1ac-730c-4f61-8d72-a596e9687048.jpg','2016-01-06 16:10:09','0000-00-00 00:00:00',-1,0),(2,-1,'1.03版登录页面-06.png','a827f3e2-6f98-4e2b-8f9f-821e8aeebbd3','upload/001/-1/20160106/a827f3e2-6f98-4e2b-8f9f-821e8aeebbd3.png','2016-01-06 16:11:30','0000-00-00 00:00:00',-1,0),(3,-1,'1.03版登录页面-06.png','5e131486-ca01-49d7-8856-4a3d079d057d','upload/001/-1/20160106/5e131486-ca01-49d7-8856-4a3d079d057d.png','2016-01-06 16:12:07','0000-00-00 00:00:00',-1,0),(4,-1,'1.03版登录页面-06.png','d564b557-3ef4-426a-a0c9-5c2a4c940626','upload/001/-1/20160111/d564b557-3ef4-426a-a0c9-5c2a4c940626.png','2016-01-11 11:49:18','0000-00-00 00:00:00',-1,0),(5,-1,'banner.jpg','44ef5a31-32fc-4d92-8a49-ff095fb3d912','upload/001/-1/20160111/44ef5a31-32fc-4d92-8a49-ff095fb3d912.jpg','2016-01-11 11:49:34','0000-00-00 00:00:00',-1,0),(6,-1,'1.03版登录页面-06.png','79f57b1d-7efc-4d1d-84ab-e420fb3c3eaf','upload/001/-1/20160111/79f57b1d-7efc-4d1d-84ab-e420fb3c3eaf.png','2016-01-11 11:49:50','0000-00-00 00:00:00',-1,0),(7,-1,'1.03版登录页面-06.png','4f54db53-0e18-4d8a-b645-c630200bdc99','upload/001/-1/20160111/4f54db53-0e18-4d8a-b645-c630200bdc99.png','2016-01-11 11:50:01','0000-00-00 00:00:00',-1,0),(8,-1,'1.03版登录页面-06.png','679adf6e-1dcc-4212-b285-ba8024c2003f','upload/001/-1/20160112/679adf6e-1dcc-4212-b285-ba8024c2003f.png','2016-01-12 11:56:27','0000-00-00 00:00:00',-1,0),(9,-1,'banner.jpg','68185327-9e8f-4496-91c7-486b976cce53','upload/001/-1/20160112/68185327-9e8f-4496-91c7-486b976cce53.jpg','2016-01-12 12:18:43','0000-00-00 00:00:00',-1,0),(10,-1,'1.03版登录页面-06.png','28ad4a01-7248-4f55-9062-f760f1497a04','upload/001/-1/20160112/28ad4a01-7248-4f55-9062-f760f1497a04.png','2016-01-12 12:24:29','0000-00-00 00:00:00',-1,0),(11,-1,'1.03版登录页面-06.png','faf938b2-5e6f-4ab7-bb2a-76e663435dac','upload/001/-1/20160112/faf938b2-5e6f-4ab7-bb2a-76e663435dac.png','2016-01-12 12:31:45','0000-00-00 00:00:00',-1,0),(12,-1,'1.03版登录页面-06.png','c3849f90-0e58-4a99-a1e4-93c6bd6ba9d3','upload/001/-1/20160112/c3849f90-0e58-4a99-a1e4-93c6bd6ba9d3.png','2016-01-12 12:33:48','0000-00-00 00:00:00',-1,0),(13,-1,'长远征信index.png','9f42c75f-cfa6-4215-ab7f-48854bc10903','upload/001/-1/20160112/9f42c75f-cfa6-4215-ab7f-48854bc10903.png','2016-01-12 13:28:20','0000-00-00 00:00:00',-1,0),(14,-1,'1.03版登录页面-06.png','5984d191-84a0-4cfa-9687-893737161e89','upload/001/-1/20160112/5984d191-84a0-4cfa-9687-893737161e89.png','2016-01-12 13:31:01','0000-00-00 00:00:00',-1,0),(15,1,'Android开发从零开始.1.Android开发环境搭建.mp4','1199fc5e-e79d-4a40-b57c-c5b468007681','upload/001/1/20160119/1199fc5e-e79d-4a40-b57c-c5b468007681.mp4','2016-01-19 15:00:59','0000-00-00 00:00:00',1,0),(16,1,'页脚.png','d54a362c-231b-492f-b548-3ee22ba8e713','upload/001/1/20160119/d54a362c-231b-492f-b548-3ee22ba8e713.png','2016-01-19 15:23:03','0000-00-00 00:00:00',1,0),(17,1,'页脚.png','15a81fe6-5f5e-4668-87d4-7ed104dbe8c2','upload/001/1/20160119/15a81fe6-5f5e-4668-87d4-7ed104dbe8c2.png','2016-01-19 15:25:01','0000-00-00 00:00:00',1,0),(18,1,'页脚.png','686ea226-ee2d-455b-82c2-a9545f3e487f','upload/001/1/20160119/686ea226-ee2d-455b-82c2-a9545f3e487f.png','2016-01-19 15:25:21','0000-00-00 00:00:00',1,0),(19,1,'banner.jpg','75fe6588-4be4-4077-87f7-f1be21486777','upload/001/1/20160119/75fe6588-4be4-4077-87f7-f1be21486777.jpg','2016-01-19 16:20:23','0000-00-00 00:00:00',1,0),(20,1,'1.03版登录页面-06.png','9f569755-7a02-4d68-b873-ad3b64be5076','upload/001/1/20160119/9f569755-7a02-4d68-b873-ad3b64be5076.png','2016-01-19 16:20:23','0000-00-00 00:00:00',1,0),(21,1,'banner.png','8d477d93-9652-45a2-b902-7dd826ccf7c7','upload/001/1/20160119/8d477d93-9652-45a2-b902-7dd826ccf7c7.png','2016-01-19 16:20:23','0000-00-00 00:00:00',1,0),(22,1,'1.03版登录页面-06.png','96930341-90f3-4eb0-8213-f09a85e43661','upload/001/1/20160119/96930341-90f3-4eb0-8213-f09a85e43661.png','2016-01-19 16:21:26','0000-00-00 00:00:00',1,0),(23,1,'banner.jpg','9e0e7ea9-0b9f-4f0b-bc9c-c9573a99dbdb','upload/001/1/20160119/9e0e7ea9-0b9f-4f0b-bc9c-c9573a99dbdb.jpg','2016-01-19 16:43:44','0000-00-00 00:00:00',1,0),(24,1,'banner.png','83286f54-dc51-4a3c-9d82-3b2f2539669b','upload/001/1/20160119/83286f54-dc51-4a3c-9d82-3b2f2539669b.png','2016-01-19 16:43:51','0000-00-00 00:00:00',1,0),(25,1,'banner.jpg','7a8ff9a2-acb0-4c07-9a44-17abfe644c95','upload/001/1/20160119/7a8ff9a2-acb0-4c07-9a44-17abfe644c95.jpg','2016-01-19 16:44:34','0000-00-00 00:00:00',1,0),(26,1,'1.03版登录页面-06.png','d63cbb81-a2c1-4022-8550-1055bb2ad88f','upload/001/1/20160119/d63cbb81-a2c1-4022-8550-1055bb2ad88f.png','2016-01-19 16:44:34','0000-00-00 00:00:00',1,0),(27,1,'banner.jpg','ba66bdf8-99da-4594-92b5-8d1becd3eb6e','upload/001/1/20160119/ba66bdf8-99da-4594-92b5-8d1becd3eb6e.jpg','2016-01-19 16:46:53','0000-00-00 00:00:00',1,0),(28,1,'banner.png','bed59809-596e-42d8-822f-4333b8064be9','upload/001/1/20160119/bed59809-596e-42d8-822f-4333b8064be9.png','2016-01-19 16:46:53','0000-00-00 00:00:00',1,0),(29,1,'1.03版登录页面-06.png','17faac05-8bb7-4767-a787-1de9f7c25c9e','upload/001/1/20160119/17faac05-8bb7-4767-a787-1de9f7c25c9e.png','2016-01-19 16:46:53','0000-00-00 00:00:00',1,0),(30,1,'face.png','2c06afe0-752d-4105-b682-fb5cf1fea682','upload/001/1/20160119/2c06afe0-752d-4105-b682-fb5cf1fea682.png','2016-01-19 16:50:37','0000-00-00 00:00:00',1,0),(31,1,'face-enterprice.png','b4ae2906-341b-49a8-935d-00df416fa625','upload/001/1/20160119/b4ae2906-341b-49a8-935d-00df416fa625.png','2016-01-19 16:50:37','0000-00-00 00:00:00',1,0),(32,1,'face-man.png','2e51e086-ee5b-4c1b-8277-52147014b4f0','upload/001/1/20160119/2e51e086-ee5b-4c1b-8277-52147014b4f0.png','2016-01-19 17:13:02','0000-00-00 00:00:00',1,0),(33,1,'face-woman.png','6a0575d1-8333-4f6d-847f-ab50ca512b6c','upload/001/1/20160119/6a0575d1-8333-4f6d-847f-ab50ca512b6c.png','2016-01-19 17:13:02','0000-00-00 00:00:00',1,0),(34,1,'face-man.png','9ff4ffe0-03aa-4ca4-8d27-7cfe9773a7d6','upload/001/1/20160119/9ff4ffe0-03aa-4ca4-8d27-7cfe9773a7d6.png','2016-01-19 17:13:28','0000-00-00 00:00:00',1,0),(35,1,'face-woman.png','d40e8013-e7d0-4763-9a49-4abecc14dc76','upload/001/1/20160119/d40e8013-e7d0-4763-9a49-4abecc14dc76.png','2016-01-19 17:13:28','0000-00-00 00:00:00',1,0),(36,1,'face-man.png','d00844e4-6d56-4458-ba4e-55f34233beb0','upload/001/1/20160119/d00844e4-6d56-4458-ba4e-55f34233beb0.png','2016-01-19 17:14:07','0000-00-00 00:00:00',1,0),(37,1,'face-woman.png','96e01942-e1c9-469b-99a3-b7ca3deee46a','upload/001/1/20160119/96e01942-e1c9-469b-99a3-b7ca3deee46a.png','2016-01-19 17:14:07','0000-00-00 00:00:00',1,0),(38,1,'face-man.png','17bc6e91-9dfa-40d2-bdf5-414c1b8bd54e','upload/001/1/20160119/17bc6e91-9dfa-40d2-bdf5-414c1b8bd54e.png','2016-01-19 17:15:55','0000-00-00 00:00:00',1,0),(39,1,'face-woman.png','ca83c2bb-a0d8-405e-8114-a3208d57561c','upload/001/1/20160119/ca83c2bb-a0d8-405e-8114-a3208d57561c.png','2016-01-19 17:15:55','0000-00-00 00:00:00',1,0),(40,1,'face-man.png','2e7e9d65-72b5-41c5-82a6-bf7471051ba0','upload/001/1/20160119/2e7e9d65-72b5-41c5-82a6-bf7471051ba0.png','2016-01-19 17:16:30','0000-00-00 00:00:00',1,0),(41,1,'face-woman.png','b064383e-8176-4cea-8d99-f4b1f8f536c5','upload/001/1/20160119/b064383e-8176-4cea-8d99-f4b1f8f536c5.png','2016-01-19 17:16:30','0000-00-00 00:00:00',1,0),(42,1,'face-woman.png','c648e459-77c2-4d28-9139-436b646050ca','upload/001/1/20160119/c648e459-77c2-4d28-9139-436b646050ca.png','2016-01-19 17:18:13','0000-00-00 00:00:00',1,0),(43,1,'face-man.png','5e9db3e7-90fb-43c1-a984-06c6acb9d22c','upload/001/1/20160119/5e9db3e7-90fb-43c1-a984-06c6acb9d22c.png','2016-01-19 17:18:13','0000-00-00 00:00:00',1,0),(44,1,'face-woman.png','6dbd41ba-3483-4a0a-a767-f8e8a5d4ea9f','upload/001/1/20160119/6dbd41ba-3483-4a0a-a767-f8e8a5d4ea9f.png','2016-01-19 17:18:46','0000-00-00 00:00:00',1,0),(45,1,'face-man.png','d53b9ed9-8495-4ecf-bfb4-ead334364673','upload/001/1/20160119/d53b9ed9-8495-4ecf-bfb4-ead334364673.png','2016-01-19 17:18:46','0000-00-00 00:00:00',1,0),(46,1,'face.png','0a81fa58-ba3c-48bd-81e1-1695d9feb9b3','upload/001/1/20160119/0a81fa58-ba3c-48bd-81e1-1695d9feb9b3.png','2016-01-19 17:36:42','0000-00-00 00:00:00',1,0),(47,1,'face-enterprice.png','cc9f55bf-65d4-4657-a419-939f7f5ff567','upload/001/1/20160119/cc9f55bf-65d4-4657-a419-939f7f5ff567.png','2016-01-19 17:36:42','0000-00-00 00:00:00',1,0),(48,1,'face-woman.png','81e65318-8569-4812-ab2a-32fb52e1d1d3','upload/001/1/20160119/81e65318-8569-4812-ab2a-32fb52e1d1d3.png','2016-01-19 17:37:25','0000-00-00 00:00:00',1,0),(49,1,'face-man.png','e4c5a6ba-e685-40e0-bcc0-c61a1837bbb1','upload/001/1/20160119/e4c5a6ba-e685-40e0-bcc0-c61a1837bbb1.png','2016-01-19 17:37:26','0000-00-00 00:00:00',1,0),(50,1,'face-man.png','b03494eb-d045-4fab-abfa-f2b8fe8415e1','upload/001/1/20160119/b03494eb-d045-4fab-abfa-f2b8fe8415e1.png','2016-01-19 17:42:39','0000-00-00 00:00:00',1,0),(51,1,'face-woman.png','00d4c811-fafb-4cd2-8405-738e525a5bd0','upload/001/1/20160119/00d4c811-fafb-4cd2-8405-738e525a5bd0.png','2016-01-19 17:42:39','0000-00-00 00:00:00',1,0),(52,1,'face-man.png','ff0e40d3-f2ba-4cf0-959c-45a8c108c384','upload/001/1/20160119/ff0e40d3-f2ba-4cf0-959c-45a8c108c384.png','2016-01-19 17:45:36','0000-00-00 00:00:00',1,0),(53,1,'face-woman.png','37d5b4b7-5714-4f91-8a93-03edf713dd8f','upload/001/1/20160119/37d5b4b7-5714-4f91-8a93-03edf713dd8f.png','2016-01-19 17:45:36','0000-00-00 00:00:00',1,0),(54,1,'face-enterprice.png','962e3ec0-2d66-48a4-8cbf-53967eeb1dc4','upload/001/1/20160119/962e3ec0-2d66-48a4-8cbf-53967eeb1dc4.png','2016-01-19 17:46:18','0000-00-00 00:00:00',1,0),(55,1,'face-man.png','c2f7a07e-a9f7-45a4-8a36-899ce9606f27','upload/001/1/20160119/c2f7a07e-a9f7-45a4-8a36-899ce9606f27.png','2016-01-19 17:46:18','0000-00-00 00:00:00',1,0),(56,1,'face-man.png','212198a6-2aed-4492-bf51-64d2655a7e25','upload/001/1/20160119/212198a6-2aed-4492-bf51-64d2655a7e25.png','2016-01-19 17:48:56','0000-00-00 00:00:00',1,0),(57,1,'face-woman.png','5d5ffc94-c038-4f2f-9e35-b672a1df366d','upload/001/1/20160119/5d5ffc94-c038-4f2f-9e35-b672a1df366d.png','2016-01-19 17:48:56','0000-00-00 00:00:00',1,0),(58,1,'face-man.png','0bdd186e-a64b-4d57-9f47-e5f2ba1e68cf','upload/001/1/20160119/0bdd186e-a64b-4d57-9f47-e5f2ba1e68cf.png','2016-01-19 17:49:59','0000-00-00 00:00:00',1,0),(59,1,'face-woman.png','3f2fd781-27b3-430a-bb1b-5d0dbbf86460','upload/001/1/20160119/3f2fd781-27b3-430a-bb1b-5d0dbbf86460.png','2016-01-19 17:49:59','0000-00-00 00:00:00',1,0),(60,1,'face-man.png','53cb784d-7705-45c7-ad6d-e457b22aad7d','upload/001/1/20160119/53cb784d-7705-45c7-ad6d-e457b22aad7d.png','2016-01-19 17:50:38','0000-00-00 00:00:00',1,0),(61,1,'face-woman.png','60c071ca-cb3d-4948-94cd-e20faaaff699','upload/001/1/20160119/60c071ca-cb3d-4948-94cd-e20faaaff699.png','2016-01-19 17:50:38','0000-00-00 00:00:00',1,0),(62,1,'face-man.png','35e4a255-79fc-4778-ac24-5726612c0046','upload/001/1/20160119/35e4a255-79fc-4778-ac24-5726612c0046.png','2016-01-19 17:51:11','0000-00-00 00:00:00',1,0),(63,1,'face-woman.png','14496807-06dc-41a4-9428-3c4c13802dcf','upload/001/1/20160119/14496807-06dc-41a4-9428-3c4c13802dcf.png','2016-01-19 17:51:11','0000-00-00 00:00:00',1,0),(64,1,'face-man.png','5d348db2-4973-4959-bf66-b671c8ba5a59','upload/001/1/20160119/5d348db2-4973-4959-bf66-b671c8ba5a59.png','2016-01-19 17:51:23','0000-00-00 00:00:00',1,0),(65,1,'face-woman.png','72b006ad-0a75-44fe-803b-3b896c5b1c57','upload/001/1/20160119/72b006ad-0a75-44fe-803b-3b896c5b1c57.png','2016-01-19 17:51:23','0000-00-00 00:00:00',1,0),(66,1,'face-man.png','23e8dcb7-be57-42ee-b326-978c4696b33e','upload/001/1/20160119/23e8dcb7-be57-42ee-b326-978c4696b33e.png','2016-01-19 17:55:55','0000-00-00 00:00:00',1,0),(67,1,'face-woman.png','cb4cc177-4aa5-4346-8d41-3244a991386d','upload/001/1/20160119/cb4cc177-4aa5-4346-8d41-3244a991386d.png','2016-01-19 17:55:55','0000-00-00 00:00:00',1,0),(68,1,'face-man.png','8cf06729-a4fc-413a-9ebf-0fadda776481','upload/001/1/20160119/8cf06729-a4fc-413a-9ebf-0fadda776481.png','2016-01-19 17:56:15','0000-00-00 00:00:00',1,0),(69,1,'face-woman.png','8c79b18a-2f6e-4221-9a3a-b2ae6561d72c','upload/001/1/20160119/8c79b18a-2f6e-4221-9a3a-b2ae6561d72c.png','2016-01-19 17:56:15','0000-00-00 00:00:00',1,0),(70,1,'face-man.png','027638df-d96e-4a92-95ed-28e483bbb0dc','upload/001/1/20160119/027638df-d96e-4a92-95ed-28e483bbb0dc.png','2016-01-19 18:03:14','0000-00-00 00:00:00',1,0),(71,1,'face-woman.png','be79eea5-47ed-43a7-b12e-e8542e84d182','upload/001/1/20160119/be79eea5-47ed-43a7-b12e-e8542e84d182.png','2016-01-19 18:03:14','0000-00-00 00:00:00',1,0),(72,1,'face-man.png','9a6a0360-e462-498d-9cef-615cb1eafe17','upload/001/1/20160119/9a6a0360-e462-498d-9cef-615cb1eafe17.png','2016-01-19 18:03:29','0000-00-00 00:00:00',1,0),(73,1,'face-woman.png','ff72cd37-3305-40ca-ab39-ec69cfa2bfff','upload/001/1/20160119/ff72cd37-3305-40ca-ab39-ec69cfa2bfff.png','2016-01-19 18:03:29','0000-00-00 00:00:00',1,0),(74,1,'face-man.png','e27cd408-20d2-41d1-b0f6-bda6b8aed105','upload/001/1/20160119/e27cd408-20d2-41d1-b0f6-bda6b8aed105.png','2016-01-19 18:03:52','0000-00-00 00:00:00',1,0),(75,1,'face-woman.png','e8d10814-5220-4c60-9032-62d3f4a48dec','upload/001/1/20160119/e8d10814-5220-4c60-9032-62d3f4a48dec.png','2016-01-19 18:03:52','0000-00-00 00:00:00',1,0),(76,1,'face-man.png','f80daed9-1c6a-40fa-86d0-1c4bfa0768ca','upload/001/1/20160119/f80daed9-1c6a-40fa-86d0-1c4bfa0768ca.png','2016-01-19 18:04:19','0000-00-00 00:00:00',1,0),(77,1,'face-woman.png','1cd930de-4dd6-4e0e-ac9b-cc89d93cad66','upload/001/1/20160119/1cd930de-4dd6-4e0e-ac9b-cc89d93cad66.png','2016-01-19 18:04:19','0000-00-00 00:00:00',1,0),(78,1,'face-man.png','b4049ed6-fb8f-43a5-9b7f-eb3dd9d86093','upload/001/1/20160119/b4049ed6-fb8f-43a5-9b7f-eb3dd9d86093.png','2016-01-19 19:32:03','0000-00-00 00:00:00',1,0),(79,1,'face-woman.png','d5f27108-6149-45d1-a062-463169806c04','upload/001/1/20160119/d5f27108-6149-45d1-a062-463169806c04.png','2016-01-19 19:32:03','0000-00-00 00:00:00',1,0),(80,1,'face-man.png','941d2266-6e52-4be8-9675-a667ea197f97','upload/001/1/20160119/941d2266-6e52-4be8-9675-a667ea197f97.png','2016-01-19 19:32:45','0000-00-00 00:00:00',1,0),(81,1,'face-woman.png','30709b51-67a8-4aeb-8b7c-18501f640e2e','upload/001/1/20160119/30709b51-67a8-4aeb-8b7c-18501f640e2e.png','2016-01-19 19:32:45','0000-00-00 00:00:00',1,0),(82,1,'face-man.png','6772c126-1b52-4f2c-9ec2-bbac8bd675ca','upload/001/1/20160119/6772c126-1b52-4f2c-9ec2-bbac8bd675ca.png','2016-01-19 19:35:46','0000-00-00 00:00:00',1,0),(83,1,'face-woman.png','e96a8fe1-4e44-489d-9756-8b3af9440dab','upload/001/1/20160119/e96a8fe1-4e44-489d-9756-8b3af9440dab.png','2016-01-19 19:37:02','0000-00-00 00:00:00',1,0),(84,1,'face-man.png','31b4d612-806d-45d5-b3d8-e5a0f65b1476','upload/001/1/20160119/31b4d612-806d-45d5-b3d8-e5a0f65b1476.png','2016-01-19 19:37:10','0000-00-00 00:00:00',1,0),(85,1,'face-woman.png','9d992d19-d073-4c59-bc20-c62ecafccddb','upload/001/1/20160119/9d992d19-d073-4c59-bc20-c62ecafccddb.png','2016-01-19 19:37:21','0000-00-00 00:00:00',1,0),(86,-1,'face-man.png','12d1dec9-6196-470e-97a4-f17f26431d3c','upload/001/-1/20160120/12d1dec9-6196-470e-97a4-f17f26431d3c.png','2016-01-20 09:11:56','0000-00-00 00:00:00',-1,0),(87,-1,'face-woman.png','8e91f7c9-27e5-4ba6-8174-3d791f0fde9e','upload/001/-1/20160120/8e91f7c9-27e5-4ba6-8174-3d791f0fde9e.png','2016-01-20 09:11:56','0000-00-00 00:00:00',-1,0),(88,-1,'face-woman.png','47ef89b5-f2de-4a34-84b1-7b3a7276052b','upload/001/-1/20160120/47ef89b5-f2de-4a34-84b1-7b3a7276052b.png','2016-01-20 09:17:37','0000-00-00 00:00:00',-1,0),(89,-1,'face-man.png','ebcd4b1d-7a6d-40e1-b758-a52de3c95fc2','upload/001/-1/20160120/ebcd4b1d-7a6d-40e1-b758-a52de3c95fc2.png','2016-01-20 09:18:37','0000-00-00 00:00:00',-1,0),(90,-1,'face-woman.png','d5898f83-c63f-4722-a16a-1d43680af9be','upload/001/-1/20160120/d5898f83-c63f-4722-a16a-1d43680af9be.png','2016-01-20 09:18:37','0000-00-00 00:00:00',-1,0),(91,-1,'face-man.png','5949d80f-6862-4fef-a865-fc4376e6cfbe','upload/001/-1/20160120/5949d80f-6862-4fef-a865-fc4376e6cfbe.png','2016-01-20 09:19:05','0000-00-00 00:00:00',-1,0),(92,-1,'face-woman.png','36b56bb1-b7db-431c-82bd-339ad87e57f1','upload/001/-1/20160120/36b56bb1-b7db-431c-82bd-339ad87e57f1.png','2016-01-20 09:19:05','0000-00-00 00:00:00',-1,0),(93,-1,'face-man.png','5c4079a2-0358-4e4a-88be-2c8badae28a8','upload/001/-1/20160120/5c4079a2-0358-4e4a-88be-2c8badae28a8.png','2016-01-20 09:20:01','0000-00-00 00:00:00',-1,0),(94,-1,'face-woman.png','608506b7-3409-464a-b625-b461c82a99fb','upload/001/-1/20160120/608506b7-3409-464a-b625-b461c82a99fb.png','2016-01-20 09:20:01','0000-00-00 00:00:00',-1,0),(95,-1,'face-man.png','e06fcab6-f03b-41f4-804a-044165d679e2','upload/001/-1/20160120/e06fcab6-f03b-41f4-804a-044165d679e2.png','2016-01-20 09:25:34','0000-00-00 00:00:00',-1,0),(96,-1,'face-woman.png','e37e9169-b79e-4152-8f85-b018ff0cf62d','upload/001/-1/20160120/e37e9169-b79e-4152-8f85-b018ff0cf62d.png','2016-01-20 09:25:34','0000-00-00 00:00:00',-1,0),(97,-1,'face-woman.png','8bd7fb6e-e64d-4a4a-a853-b7532d17fb22','upload/001/-1/20160120/8bd7fb6e-e64d-4a4a-a853-b7532d17fb22.png','2016-01-20 09:25:40','0000-00-00 00:00:00',-1,0),(98,-1,'face-woman.png','4fa7e3aa-8970-4c24-a05d-e48d56960127','upload/001/-1/20160120/4fa7e3aa-8970-4c24-a05d-e48d56960127.png','2016-01-20 09:34:39','0000-00-00 00:00:00',-1,0),(99,-1,'face-man.png','a28bceac-68da-4863-979d-5b7361e6edf7','upload/001/-1/20160120/a28bceac-68da-4863-979d-5b7361e6edf7.png','2016-01-20 09:34:39','0000-00-00 00:00:00',-1,0),(100,-1,'face-man.png','c37fef4d-0dd3-4c5e-b53c-3d4ed4b6e8da','upload/001/-1/20160120/c37fef4d-0dd3-4c5e-b53c-3d4ed4b6e8da.png','2016-01-20 09:34:52','0000-00-00 00:00:00',-1,0),(101,-1,'face-woman.png','72a340cc-d5c7-4abe-b89c-7a26d8cd40b1','upload/001/-1/20160120/72a340cc-d5c7-4abe-b89c-7a26d8cd40b1.png','2016-01-20 09:34:53','0000-00-00 00:00:00',-1,0),(102,-1,'face.png','b70e927b-fbe9-4e8e-b2ec-cf34d08439ad','upload/001/-1/20160120/b70e927b-fbe9-4e8e-b2ec-cf34d08439ad.png','2016-01-20 09:35:08','0000-00-00 00:00:00',-1,0),(103,-1,'face-enterprice.png','66f11f07-5df6-40d2-9839-40a3f8cdc50f','upload/001/-1/20160120/66f11f07-5df6-40d2-9839-40a3f8cdc50f.png','2016-01-20 09:35:08','0000-00-00 00:00:00',-1,0),(104,-1,'face-man.png','08a652db-e631-431f-9cf9-26ac87fe80e2','upload/001/-1/20160120/08a652db-e631-431f-9cf9-26ac87fe80e2.png','2016-01-20 11:19:47','0000-00-00 00:00:00',-1,0),(105,-1,'face-woman.png','54d2a1d2-05c8-4ecc-a420-99d0a5c5c695','upload/001/-1/20160120/54d2a1d2-05c8-4ecc-a420-99d0a5c5c695.png','2016-01-20 11:19:47','0000-00-00 00:00:00',-1,0),(106,-1,'face-woman.png','d8d7fe53-21ef-420b-abdb-48ab1753c0da','upload/001/-1/20160120/d8d7fe53-21ef-420b-abdb-48ab1753c0da.png','2016-01-20 11:19:52','0000-00-00 00:00:00',-1,0),(107,-1,'face.png','87d6e2cf-e387-420e-9a3f-1649fe9b30d8','upload/001/-1/20160120/87d6e2cf-e387-420e-9a3f-1649fe9b30d8.png','2016-01-20 11:20:00','0000-00-00 00:00:00',-1,0),(108,-1,'face-enterprice.png','721ac28c-a9c2-481d-a60f-47d8b73d6ff2','upload/001/-1/20160120/721ac28c-a9c2-481d-a60f-47d8b73d6ff2.png','2016-01-20 11:20:00','0000-00-00 00:00:00',-1,0),(109,-1,'face-man.png','f1423c15-98d1-446f-b02b-34b605801d91','upload/001/-1/20160120/f1423c15-98d1-446f-b02b-34b605801d91.png','2016-01-20 11:44:35','0000-00-00 00:00:00',-1,0),(110,-1,'face-woman.png','064c1d0c-fb80-4ff0-bdae-8a5b16917db4','upload/001/-1/20160120/064c1d0c-fb80-4ff0-bdae-8a5b16917db4.png','2016-01-20 11:44:35','0000-00-00 00:00:00',-1,0),(111,-1,'face-man.png','7dc62247-beaa-4901-9921-c6863f2d7bed','upload/001/-1/20160120/7dc62247-beaa-4901-9921-c6863f2d7bed.png','2016-01-20 11:45:13','0000-00-00 00:00:00',-1,0),(112,-1,'face-woman.png','d562c6c0-8e9f-4301-8442-a1c66bdedac4','upload/001/-1/20160120/d562c6c0-8e9f-4301-8442-a1c66bdedac4.png','2016-01-20 11:45:13','0000-00-00 00:00:00',-1,0),(113,1,'face-enterprice.png','c00fb12a-72d1-458f-b7f6-668da5a0e801','upload/001/1/20160121/c00fb12a-72d1-458f-b7f6-668da5a0e801.png','2016-01-21 13:34:45','0000-00-00 00:00:00',1,0),(114,1,'face-man.png','80efaa74-c488-4d30-8eee-60dd27ec6582','upload/001/1/20160121/80efaa74-c488-4d30-8eee-60dd27ec6582.png','2016-01-21 13:34:45','0000-00-00 00:00:00',1,0),(115,1,'face-woman.png','48d21e66-e484-4ae1-b052-55bdf4948dc6','upload/001/1/20160121/48d21e66-e484-4ae1-b052-55bdf4948dc6.png','2016-01-21 13:34:45','0000-00-00 00:00:00',1,0),(116,1,'face-enterprice.png','27969130-924c-4f02-bab5-832f6ba97db4','upload/001/1/20160121/27969130-924c-4f02-bab5-832f6ba97db4.png','2016-01-21 13:35:46','0000-00-00 00:00:00',1,0),(117,1,'face-man.png','b4972a87-db77-4c82-ba8a-7d4fc2a8338e','upload/001/1/20160121/b4972a87-db77-4c82-ba8a-7d4fc2a8338e.png','2016-01-21 13:35:46','0000-00-00 00:00:00',1,0),(118,1,'face-woman.png','71ca701b-32c3-475c-8d1d-255cf299f1a8','upload/001/1/20160121/71ca701b-32c3-475c-8d1d-255cf299f1a8.png','2016-01-21 13:35:46','0000-00-00 00:00:00',1,0),(119,1,'face-enterprice.png','4cfb0f1e-5e3a-4551-9dfd-884a8f67d6a7','upload/001/1/20160121/4cfb0f1e-5e3a-4551-9dfd-884a8f67d6a7.png','2016-01-21 13:36:19','0000-00-00 00:00:00',1,0),(120,1,'face-man.png','7becf45b-7cda-456c-a0f8-25321020238b','upload/001/1/20160121/7becf45b-7cda-456c-a0f8-25321020238b.png','2016-01-21 13:36:19','0000-00-00 00:00:00',1,0),(121,1,'face-woman.png','77911890-a59f-47d7-8d53-04940c43f67a','upload/001/1/20160121/77911890-a59f-47d7-8d53-04940c43f67a.png','2016-01-21 13:36:19','0000-00-00 00:00:00',1,0),(122,-1,'face-enterprice.png','36ef5fe4-50df-4f98-9de0-ecda9701e0ea','upload/001/-1/20160121/36ef5fe4-50df-4f98-9de0-ecda9701e0ea.png','2016-01-21 13:39:16','0000-00-00 00:00:00',-1,0),(123,-1,'face-man.png','08e2d2ac-a7e8-449b-9687-b7d28ce6e577','upload/001/-1/20160121/08e2d2ac-a7e8-449b-9687-b7d28ce6e577.png','2016-01-21 13:39:16','0000-00-00 00:00:00',-1,0),(124,-1,'face-woman.png','a3e0ef68-5f1f-49c3-a65c-315887ebecc6','upload/001/-1/20160121/a3e0ef68-5f1f-49c3-a65c-315887ebecc6.png','2016-01-21 13:39:16','0000-00-00 00:00:00',-1,0),(125,-1,'1.03版登录页面-06.png','fc6d229b-3ffc-4c78-a3c9-5258a00abeee','upload/001/-1/20160121/fc6d229b-3ffc-4c78-a3c9-5258a00abeee.png','2016-01-21 13:41:29','0000-00-00 00:00:00',-1,0),(126,-1,'1.03版登录页面-06.png','d1f67aa1-61d4-4396-b772-ce59f939a181','upload/001/-1/20160121/d1f67aa1-61d4-4396-b772-ce59f939a181.png','2016-01-21 13:41:37','0000-00-00 00:00:00',-1,0),(127,-1,'banner.jpg','dcb47e01-6904-4c15-9821-2f17fed74db8','upload/001/-1/20160121/dcb47e01-6904-4c15-9821-2f17fed74db8.jpg','2016-01-21 13:41:37','0000-00-00 00:00:00',-1,0),(128,-1,'banner.png','a3b27c0a-ff2e-49f1-8437-87f4480a1f6b','upload/001/-1/20160121/a3b27c0a-ff2e-49f1-8437-87f4480a1f6b.png','2016-01-21 13:41:37','0000-00-00 00:00:00',-1,0),(129,-1,'Android开发从零开始.1.Android开发环境搭建.mp4','e867fe61-e89f-4a26-8f9f-137abc27a327','upload/001/-1/20160121/e867fe61-e89f-4a26-8f9f-137abc27a327.mp4','2016-01-21 13:42:07','0000-00-00 00:00:00',-1,0),(130,-1,'favicon.png','fe7dca53-2ccf-477b-80cc-aa8036b5e686','upload/001/-1/20160121/fe7dca53-2ccf-477b-80cc-aa8036b5e686.png','2016-01-21 13:43:53','0000-00-00 00:00:00',-1,0),(131,-1,'favicon.png','710a8fb0-2075-42e7-adb0-185db94ff324','upload/001/-1/20160121/710a8fb0-2075-42e7-adb0-185db94ff324.png','2016-01-21 13:43:59','0000-00-00 00:00:00',-1,0),(132,-1,'Android开发从零开始.1.Android开发环境搭建.mp4','0ce28b81-a0c2-4574-8e43-59db2643a567','upload/001/-1/20160121/0ce28b81-a0c2-4574-8e43-59db2643a567.mp4','2016-01-21 13:44:05','0000-00-00 00:00:00',-1,0),(133,-1,'favicon.png','2e34e381-d4cd-471f-8542-03d87d07035b','upload/001/-1/20160121/2e34e381-d4cd-471f-8542-03d87d07035b.png','2016-01-21 13:46:16','0000-00-00 00:00:00',-1,0),(134,-1,'favicon.png','9ad63a7a-a969-4a28-a8cd-5d26de313910','upload/001/-1/20160121/9ad63a7a-a969-4a28-a8cd-5d26de313910.png','2016-01-21 13:46:21','0000-00-00 00:00:00',-1,0),(135,-1,'Android开发从零开始.1.Android开发环境搭建.mp4','db672215-7b10-4d55-9790-8c3e53d6014d','upload/001/-1/20160121/db672215-7b10-4d55-9790-8c3e53d6014d.mp4','2016-01-21 13:46:26','0000-00-00 00:00:00',-1,0),(136,-1,'Android开发从零开始.2.模拟器的使用.mp4','9bf4b995-d18a-466e-bcd1-725415700bd2','upload/001/-1/20160121/9bf4b995-d18a-466e-bcd1-725415700bd2.mp4','2016-01-21 13:47:12','0000-00-00 00:00:00',-1,0),(137,-1,'favicon.png','6e6bbb7b-e7ae-4cb4-aac2-13f1c08a1ca4','upload/001/-1/20160121/6e6bbb7b-e7ae-4cb4-aac2-13f1c08a1ca4.png','2016-01-21 13:47:29','0000-00-00 00:00:00',-1,0),(138,-1,'favicon.png','96aa471a-61dc-4f8a-bc3d-277b61175e86','upload/001/-1/20160121/96aa471a-61dc-4f8a-bc3d-277b61175e86.png','2016-01-21 13:47:35','0000-00-00 00:00:00',-1,0),(139,-1,'Android开发从零开始.2.模拟器的使用.mp4','4d172046-b79c-45ec-94d4-013c5db537d6','upload/001/-1/20160121/4d172046-b79c-45ec-94d4-013c5db537d6.mp4','2016-01-21 13:49:32','0000-00-00 00:00:00',-1,0),(140,-1,'favicon.png','f5192b67-a848-45f8-ae12-71e298ded40a','upload/001/-1/20160121/f5192b67-a848-45f8-ae12-71e298ded40a.png','2016-01-21 13:50:48','0000-00-00 00:00:00',-1,0),(141,-1,'favicon.png','934e3fce-d26a-4638-9898-658e056a4ae6','upload/001/-1/20160121/934e3fce-d26a-4638-9898-658e056a4ae6.png','2016-01-21 13:50:53','0000-00-00 00:00:00',-1,0),(142,-1,'Android开发从零开始.1.Android开发环境搭建.mp4','eec4c59b-7698-4165-9e5f-cf20866d99cc','upload/001/-1/20160121/eec4c59b-7698-4165-9e5f-cf20866d99cc.mp4','2016-01-21 13:50:58','0000-00-00 00:00:00',-1,0),(143,-1,'favicon.png','7771acd8-8592-470e-9b65-3181ae9d411d','upload/001/-1/20160121/7771acd8-8592-470e-9b65-3181ae9d411d.png','2016-01-21 13:52:09','0000-00-00 00:00:00',-1,0),(144,-1,'favicon.png','d661d0f4-b816-4bfd-a7de-a2c87a0d685d','upload/001/-1/20160121/d661d0f4-b816-4bfd-a7de-a2c87a0d685d.png','2016-01-21 13:52:15','0000-00-00 00:00:00',-1,0),(145,-1,'Android开发从零开始.1.Android开发环境搭建.mp4','8dce100d-ea98-449a-9fa2-98dbc319f852','upload/001/-1/20160121/8dce100d-ea98-449a-9fa2-98dbc319f852.mp4','2016-01-21 13:52:22','0000-00-00 00:00:00',-1,0);

UNLOCK TABLES;

/*Table structure for table `f_category` */

DROP TABLE IF EXISTS `f_category`;

CREATE TABLE `f_category` (
  `id` int(11) NOT NULL AUTO_INCREMENT COMMENT 'id',
  `model_id` int(11) NOT NULL DEFAULT '0' COMMENT 'f_model.id',
  `parent_id` int(11) NOT NULL DEFAULT '0' COMMENT '父栏目ID',
  `name` varchar(255) NOT NULL DEFAULT '' COMMENT '名称',
  `title` varchar(255) NOT NULL DEFAULT '' COMMENT '标题',
  `keyword` varchar(255) NOT NULL DEFAULT '' COMMENT '关键词',
  `description` varchar(255) NOT NULL DEFAULT '' COMMENT '描述',
  `list_order` int(11) NOT NULL DEFAULT '0' COMMENT '排列顺序',
  `target` varchar(20) NOT NULL DEFAULT '' COMMENT '目标 例:_BLANK.',
  `has_content_flag` tinyint(1) NOT NULL DEFAULT '1' COMMENT '是否有内容',
  `show_flag` tinyint(1) NOT NULL DEFAULT '1' COMMENT '是否显示',
  `create_time` datetime NOT NULL DEFAULT '0000-00-00 00:00:00' COMMENT '创建时间',
  `update_time` datetime NOT NULL DEFAULT '0000-00-00 00:00:00' COMMENT '修改时间',
  `create_id` int(11) NOT NULL DEFAULT '0' COMMENT '创建人id',
  `update_id` int(11) NOT NULL DEFAULT '0' COMMENT '修改人id',
  PRIMARY KEY (`id`)
) ENGINE=InnoDB AUTO_INCREMENT=11 DEFAULT CHARSET=utf8;

/*Data for the table `f_category` */

LOCK TABLES `f_category` WRITE;

insert  into `f_category`(`id`,`model_id`,`parent_id`,`name`,`title`,`keyword`,`description`,`list_order`,`target`,`has_content_flag`,`show_flag`,`create_time`,`update_time`,`create_id`,`update_id`) values (1,1,0,'栏目ID:1','栏目ID:1','栏目ID:1','栏目ID:1',0,'',0,0,'2015-12-30 13:27:36','0000-00-00 00:00:00',-1,0),(2,1,1,'子栏目ID:2','子栏目ID:2','子栏目ID:2','子栏目ID:2',0,'',0,0,'2015-12-30 13:27:59','0000-00-00 00:00:00',-1,0),(3,2,0,'视频栏目','视频栏目','视频栏目','视频栏目',0,'',0,0,'2016-01-13 19:13:01','0000-00-00 00:00:00',1,0),(4,1,0,'文章','文章栏目','文章栏目','文章栏目',0,'',0,0,'2016-01-13 19:47:53','0000-00-00 00:00:00',1,0),(5,2,3,'啦啦啦啦1','啦啦啦啦11','啦啦啦啦1','啦啦啦啦111',0,'',0,0,'2016-01-13 20:07:50','2016-01-13 20:08:36',1,1),(6,1,1,'te','<<<<<<<<<<<<','dasfdasf','dasfasdfasdf<<<<<<<<<<<<<<<<<<<<<<<<<<<<',0,'',0,0,'2016-01-28 22:12:16','2016-01-28 22:48:58',1,1),(7,1,1,'<<<<<','<<<<<','<<<<<','<<<<<',0,'',0,0,'2016-01-28 22:22:47','0000-00-00 00:00:00',1,0),(8,1,6,'<<<<<<<','<<<<<<<','<<<<<<<','<<<<<<<',0,'',0,0,'2016-01-28 22:24:52','0000-00-00 00:00:00',1,0),(9,1,6,'<<<<<<<','<<<<<<<','<<<<<<<','<<<<<<<',0,'',0,0,'2016-01-28 22:25:25','0000-00-00 00:00:00',1,0),(10,1,0,'<<<<<','<<<<<','<<<<<','<<<<<',0,'',0,0,'2016-01-28 22:47:17','0000-00-00 00:00:00',1,0);

UNLOCK TABLES;

/*Table structure for table `f_comment` */

DROP TABLE IF EXISTS `f_comment`;

CREATE TABLE `f_comment` (
  `id` int(11) NOT NULL AUTO_INCREMENT COMMENT 'id',
  `parent_id` int(11) NOT NULL DEFAULT '0' COMMENT '父id',
  `content_id` int(11) NOT NULL DEFAULT '0' COMMENT '内容ID',
  `member_id` int(11) NOT NULL DEFAULT '0' COMMENT '发表人id',
  `to_member_id` int(11) NOT NULL DEFAULT '0' COMMENT '回复给的id',
  `reply_time` datetime NOT NULL DEFAULT '0000-00-00 00:00:00' COMMENT '回复时间',
  `ip` int(11) NOT NULL DEFAULT '0' COMMENT 'ip',
  `txt` varchar(255) NOT NULL DEFAULT '' COMMENT '评论内容',
  `ups` smallint(6) NOT NULL DEFAULT '0' COMMENT '支持数',
  `downs` smallint(6) NOT NULL DEFAULT '0' COMMENT '反对数',
  `recomend_flag` tinyint(4) NOT NULL DEFAULT '0' COMMENT '是否推荐',
  `check_flag` tinyint(4) NOT NULL DEFAULT '0' COMMENT '是否审核',
  `create_id` int(11) NOT NULL DEFAULT '0' COMMENT '创建人id',
  `update_id` int(11) NOT NULL DEFAULT '0' COMMENT '修改人id',
  `create_time` datetime NOT NULL DEFAULT '0000-00-00 00:00:00' COMMENT '创建时间',
  `update_time` datetime NOT NULL DEFAULT '0000-00-00 00:00:00' COMMENT '修改时间',
  PRIMARY KEY (`id`)
) ENGINE=InnoDB AUTO_INCREMENT=70 DEFAULT CHARSET=utf8;

/*Data for the table `f_comment` */

LOCK TABLES `f_comment` WRITE;

insert  into `f_comment`(`id`,`parent_id`,`content_id`,`member_id`,`to_member_id`,`reply_time`,`ip`,`txt`,`ups`,`downs`,`recomend_flag`,`check_flag`,`create_id`,`update_id`,`create_time`,`update_time`) values (1,0,13,0,0,'2015-11-19 16:09:54',0,'xxxxxx',0,0,0,0,0,0,'2015-11-19 15:40:10','0000-00-00 00:00:00'),(2,0,13,0,0,'2015-11-21 16:09:56',0,'aaaaa',0,0,0,0,0,0,'2015-11-19 15:49:37','0000-00-00 00:00:00'),(3,0,13,0,0,'0000-00-00 00:00:00',0,'',0,0,0,0,0,0,'0000-00-00 00:00:00','0000-00-00 00:00:00'),(4,0,13,0,0,'0000-00-00 00:00:00',0,'',0,0,0,0,0,0,'0000-00-00 00:00:00','0000-00-00 00:00:00'),(5,0,13,0,0,'0000-00-00 00:00:00',0,'',0,0,0,0,0,0,'0000-00-00 00:00:00','0000-00-00 00:00:00'),(6,0,13,0,0,'0000-00-00 00:00:00',0,'',0,0,0,0,0,0,'0000-00-00 00:00:00','0000-00-00 00:00:00'),(7,0,13,0,0,'0000-00-00 00:00:00',0,'',0,0,0,0,0,0,'0000-00-00 00:00:00','0000-00-00 00:00:00'),(8,0,13,0,0,'0000-00-00 00:00:00',0,'',0,0,0,0,0,0,'0000-00-00 00:00:00','0000-00-00 00:00:00'),(9,0,13,0,0,'0000-00-00 00:00:00',0,'',0,0,0,0,0,0,'0000-00-00 00:00:00','0000-00-00 00:00:00'),(10,0,13,0,0,'0000-00-00 00:00:00',0,'',0,0,0,0,0,0,'0000-00-00 00:00:00','0000-00-00 00:00:00'),(11,0,13,0,0,'0000-00-00 00:00:00',0,'',0,0,0,0,0,0,'0000-00-00 00:00:00','0000-00-00 00:00:00'),(12,0,13,0,0,'0000-00-00 00:00:00',0,'',0,0,0,0,0,0,'0000-00-00 00:00:00','0000-00-00 00:00:00'),(13,0,13,0,0,'0000-00-00 00:00:00',0,'',0,0,0,0,0,0,'0000-00-00 00:00:00','0000-00-00 00:00:00'),(14,0,13,0,0,'0000-00-00 00:00:00',0,'',0,0,0,0,0,0,'0000-00-00 00:00:00','0000-00-00 00:00:00'),(15,0,13,0,0,'0000-00-00 00:00:00',0,'',0,0,0,0,1,0,'2015-11-19 16:18:56','0000-00-00 00:00:00'),(16,0,13,0,0,'0000-00-00 00:00:00',0,'aaaa',0,0,0,0,1,0,'2015-11-19 16:19:06','0000-00-00 00:00:00'),(17,0,13,0,0,'0000-00-00 00:00:00',0,'aaaa',0,0,0,0,1,0,'2015-11-19 16:19:57','0000-00-00 00:00:00'),(18,0,13,0,0,'0000-00-00 00:00:00',0,'',0,0,0,0,0,0,'0000-00-00 00:00:00','0000-00-00 00:00:00'),(19,0,13,0,0,'0000-00-00 00:00:00',0,'',0,0,0,0,0,0,'0000-00-00 00:00:00','0000-00-00 00:00:00'),(20,0,13,0,0,'0000-00-00 00:00:00',0,'',0,0,0,0,0,0,'0000-00-00 00:00:00','0000-00-00 00:00:00'),(21,0,13,0,0,'0000-00-00 00:00:00',0,'',0,0,0,0,0,0,'0000-00-00 00:00:00','0000-00-00 00:00:00'),(22,0,13,0,0,'0000-00-00 00:00:00',0,'',0,0,0,0,0,0,'0000-00-00 00:00:00','0000-00-00 00:00:00'),(23,0,13,0,0,'0000-00-00 00:00:00',0,'',0,0,0,0,0,0,'0000-00-00 00:00:00','0000-00-00 00:00:00'),(24,0,13,0,0,'0000-00-00 00:00:00',0,'',0,0,0,0,0,0,'0000-00-00 00:00:00','0000-00-00 00:00:00'),(25,0,13,0,0,'0000-00-00 00:00:00',0,'',0,0,0,0,0,0,'0000-00-00 00:00:00','0000-00-00 00:00:00'),(26,0,13,0,0,'0000-00-00 00:00:00',0,'',0,0,0,0,0,0,'0000-00-00 00:00:00','0000-00-00 00:00:00'),(27,0,13,0,0,'0000-00-00 00:00:00',0,'',0,0,0,0,0,0,'0000-00-00 00:00:00','0000-00-00 00:00:00'),(28,0,13,0,0,'0000-00-00 00:00:00',0,'',0,0,0,0,0,0,'0000-00-00 00:00:00','0000-00-00 00:00:00'),(29,0,13,0,0,'0000-00-00 00:00:00',0,'',0,0,0,0,0,0,'0000-00-00 00:00:00','0000-00-00 00:00:00'),(30,0,13,0,0,'0000-00-00 00:00:00',0,'',0,0,0,0,0,0,'0000-00-00 00:00:00','0000-00-00 00:00:00'),(31,0,13,0,0,'0000-00-00 00:00:00',0,'',0,0,0,0,0,0,'0000-00-00 00:00:00','0000-00-00 00:00:00'),(32,0,13,0,0,'0000-00-00 00:00:00',0,'',0,0,0,0,0,0,'0000-00-00 00:00:00','0000-00-00 00:00:00'),(33,0,13,0,0,'0000-00-00 00:00:00',0,'',0,0,0,0,0,0,'0000-00-00 00:00:00','0000-00-00 00:00:00'),(34,0,13,0,0,'0000-00-00 00:00:00',0,'',0,0,0,0,0,0,'0000-00-00 00:00:00','0000-00-00 00:00:00'),(35,0,13,0,0,'0000-00-00 00:00:00',0,'',0,0,0,0,0,0,'0000-00-00 00:00:00','0000-00-00 00:00:00'),(36,0,13,0,0,'0000-00-00 00:00:00',0,'',0,0,0,0,0,0,'0000-00-00 00:00:00','0000-00-00 00:00:00'),(37,0,13,0,0,'0000-00-00 00:00:00',0,'',0,0,0,0,0,0,'0000-00-00 00:00:00','0000-00-00 00:00:00'),(38,0,13,0,0,'0000-00-00 00:00:00',0,'',0,0,0,0,0,0,'0000-00-00 00:00:00','0000-00-00 00:00:00'),(39,0,13,0,0,'0000-00-00 00:00:00',0,'',0,0,0,0,0,0,'0000-00-00 00:00:00','0000-00-00 00:00:00'),(40,0,13,0,0,'0000-00-00 00:00:00',0,'',0,0,0,0,0,0,'0000-00-00 00:00:00','0000-00-00 00:00:00'),(41,0,13,0,0,'0000-00-00 00:00:00',0,'',0,0,0,0,0,0,'0000-00-00 00:00:00','0000-00-00 00:00:00'),(42,0,13,0,0,'0000-00-00 00:00:00',0,'',0,0,0,0,0,0,'0000-00-00 00:00:00','0000-00-00 00:00:00'),(43,0,13,0,0,'0000-00-00 00:00:00',0,'',0,0,0,0,0,0,'0000-00-00 00:00:00','0000-00-00 00:00:00'),(44,0,13,0,0,'0000-00-00 00:00:00',0,'',0,0,0,0,0,0,'0000-00-00 00:00:00','0000-00-00 00:00:00'),(45,0,13,0,0,'0000-00-00 00:00:00',0,'',0,0,0,0,0,0,'0000-00-00 00:00:00','0000-00-00 00:00:00'),(46,0,13,0,0,'0000-00-00 00:00:00',0,'',0,0,0,0,0,0,'0000-00-00 00:00:00','0000-00-00 00:00:00'),(47,0,13,0,0,'0000-00-00 00:00:00',0,'',0,0,0,0,0,0,'0000-00-00 00:00:00','0000-00-00 00:00:00'),(48,0,13,0,0,'0000-00-00 00:00:00',0,'',0,0,0,0,0,0,'0000-00-00 00:00:00','0000-00-00 00:00:00'),(49,0,13,0,0,'0000-00-00 00:00:00',0,'',0,0,0,0,0,0,'0000-00-00 00:00:00','0000-00-00 00:00:00'),(50,0,13,0,0,'0000-00-00 00:00:00',0,'',0,0,0,0,0,0,'0000-00-00 00:00:00','0000-00-00 00:00:00'),(51,0,13,0,0,'0000-00-00 00:00:00',0,'',0,0,0,0,0,0,'0000-00-00 00:00:00','0000-00-00 00:00:00'),(52,0,13,0,0,'0000-00-00 00:00:00',0,'',0,0,0,0,0,0,'0000-00-00 00:00:00','0000-00-00 00:00:00'),(53,0,13,0,0,'0000-00-00 00:00:00',0,'',0,0,0,0,0,0,'0000-00-00 00:00:00','0000-00-00 00:00:00'),(54,0,13,0,0,'0000-00-00 00:00:00',0,'',0,0,0,0,0,0,'0000-00-00 00:00:00','0000-00-00 00:00:00'),(55,0,13,0,0,'0000-00-00 00:00:00',0,'',0,0,0,0,0,0,'0000-00-00 00:00:00','0000-00-00 00:00:00'),(56,0,13,0,0,'0000-00-00 00:00:00',0,'',0,0,0,0,0,0,'0000-00-00 00:00:00','0000-00-00 00:00:00'),(57,0,13,0,0,'0000-00-00 00:00:00',0,'',0,0,0,0,0,0,'0000-00-00 00:00:00','0000-00-00 00:00:00'),(58,0,13,0,0,'0000-00-00 00:00:00',0,'',0,0,0,0,0,0,'0000-00-00 00:00:00','0000-00-00 00:00:00'),(59,0,13,0,0,'0000-00-00 00:00:00',0,'',0,0,0,0,0,0,'0000-00-00 00:00:00','0000-00-00 00:00:00'),(60,0,13,0,0,'0000-00-00 00:00:00',0,'',0,0,0,0,0,0,'0000-00-00 00:00:00','0000-00-00 00:00:00'),(61,0,13,0,0,'0000-00-00 00:00:00',0,'',0,0,0,0,0,0,'0000-00-00 00:00:00','0000-00-00 00:00:00'),(62,0,13,0,0,'0000-00-00 00:00:00',0,'',0,0,0,0,0,0,'0000-00-00 00:00:00','0000-00-00 00:00:00'),(63,0,13,0,0,'0000-00-00 00:00:00',0,'',0,0,0,0,0,0,'0000-00-00 00:00:00','0000-00-00 00:00:00'),(64,0,13,0,0,'0000-00-00 00:00:00',0,'',0,0,0,0,0,0,'0000-00-00 00:00:00','0000-00-00 00:00:00'),(65,0,13,0,0,'0000-00-00 00:00:00',0,'',0,0,0,0,0,0,'0000-00-00 00:00:00','0000-00-00 00:00:00'),(66,0,13,0,0,'0000-00-00 00:00:00',0,'',0,0,0,0,0,0,'0000-00-00 00:00:00','0000-00-00 00:00:00'),(67,0,13,0,0,'0000-00-00 00:00:00',0,'',0,0,0,0,0,0,'0000-00-00 00:00:00','0000-00-00 00:00:00'),(68,0,13,0,0,'0000-00-00 00:00:00',0,'',0,0,0,0,0,0,'0000-00-00 00:00:00','0000-00-00 00:00:00'),(69,0,13,0,0,'0000-00-00 00:00:00',0,'',0,0,0,0,0,0,'0000-00-00 00:00:00','0000-00-00 00:00:00');

UNLOCK TABLES;

/*Table structure for table `f_content` */

DROP TABLE IF EXISTS `f_content`;

CREATE TABLE `f_content` (
  `id` int(10) NOT NULL AUTO_INCREMENT COMMENT 'id',
  `member_id` int(11) NOT NULL DEFAULT '0' COMMENT 'f_content.id',
  `category_id` int(11) NOT NULL DEFAULT '0' COMMENT 'f_category.id',
  `sort_id` int(11) DEFAULT NULL COMMENT 'f_sort.id(二级分类)',
  `model_id` int(11) NOT NULL DEFAULT '0' COMMENT 'f_model.id',
  `cover` varchar(255) NOT NULL DEFAULT '' COMMENT '文章封面',
  `title` varchar(255) NOT NULL DEFAULT '' COMMENT '标题',
  `keyword` varchar(255) NOT NULL DEFAULT '' COMMENT '关键词',
  `author` varchar(50) NOT NULL DEFAULT '' COMMENT '作者',
  `source` varchar(50) NOT NULL DEFAULT '' COMMENT '来源',
  `source_url` varchar(255) NOT NULL DEFAULT '' COMMENT '来源地址',
  `relation_ids` varchar(255) NOT NULL DEFAULT '' COMMENT '相关内容, 多个用,分隔',
  `summary` varchar(510) NOT NULL DEFAULT '' COMMENT '摘要或简介',
  `issue_time` datetime NOT NULL DEFAULT '0000-00-00 00:00:00' COMMENT '发表时间',
  `create_time` datetime NOT NULL DEFAULT '0000-00-00 00:00:00' COMMENT '创建时间',
  `update_time` datetime NOT NULL DEFAULT '0000-00-00 00:00:00' COMMENT '修改时间',
  `create_id` int(11) NOT NULL DEFAULT '0' COMMENT '创建人id',
  `update_id` int(11) NOT NULL DEFAULT '0' COMMENT '修改人id',
  PRIMARY KEY (`id`)
) ENGINE=InnoDB AUTO_INCREMENT=32 DEFAULT CHARSET=utf8;

/*Data for the table `f_content` */

LOCK TABLES `f_content` WRITE;

insert  into `f_content`(`id`,`member_id`,`category_id`,`sort_id`,`model_id`,`cover`,`title`,`keyword`,`author`,`source`,`source_url`,`relation_ids`,`summary`,`issue_time`,`create_time`,`update_time`,`create_id`,`update_id`) values (2,1,2,2,1,'http://localhost:8082/box/upload/001/-1/20160106/5e131486-ca01-49d7-8856-4a3d079d057d.png','标题1','关键词1,关键词2,关键词3','作者','来源','','','摘要摘要摘要摘要摘要','2015-12-15 00:00:00','2015-12-30 13:35:57','2016-01-13 17:35:50',-1,1),(3,1,2,1,1,'http://localhost:8082/box/upload/001/-1/20160106/5e131486-ca01-49d7-8856-4a3d079d057d.png','标题1','关键词1,关键词2,关键词3','作者','来源','','','摘要摘要摘要摘要摘要','2015-12-15 00:00:00','2015-12-30 13:43:55','0000-00-00 00:00:00',-1,0),(4,1,2,1,1,'http://localhost:8082/box/upload/001/-1/20160106/5e131486-ca01-49d7-8856-4a3d079d057d.png','标题1','关键词1,关键词2,关键词3','作者','来源','','','摘要摘要摘要摘要摘要','2015-12-15 00:00:00','2015-12-30 13:44:32','0000-00-00 00:00:00',-1,0),(5,1,2,2,1,'http://localhost:8082/box/upload/001/-1/20160106/5e131486-ca01-49d7-8856-4a3d079d057d.png','标题1','关键词1,关键词2,关键词3','作者','来源','','','摘要摘要摘要摘要摘要','2015-12-15 00:00:00','2015-12-30 13:46:14','0000-00-00 00:00:00',-1,0),(9,1,2,2,1,'http://localhost:8082/box/upload/001/-1/20160106/5e131486-ca01-49d7-8856-4a3d079d057d.png','标题003','111','1212','1212','','','摘要摘要摘要摘要摘要','2016-01-21 00:00:00','2016-01-06 14:03:25','0000-00-00 00:00:00',-1,0),(10,1,2,2,1,'http://localhost:8082/box/upload/001/-1/20160106/5e131486-ca01-49d7-8856-4a3d079d057d.png','1111111111111','1111','12321','1313','','','摘要摘要摘要摘要摘要','2016-02-03 00:00:00','2016-01-06 14:40:56','0000-00-00 00:00:00',-1,0),(11,1,2,2,1,'http://localhost:8082/box/upload/001/-1/20160106/5e131486-ca01-49d7-8856-4a3d079d057d.png','@@@@@@@@@@@@','@@@@@@@@@@@@','@@@@@@@@@@@@','@@@@@@@@@@@@','','','摘要摘要摘要摘要摘要','2016-01-26 00:00:00','2016-01-06 14:56:28','0000-00-00 00:00:00',-1,0),(12,1,2,2,1,'http://localhost:8082/box/upload/001/-1/20160106/5e131486-ca01-49d7-8856-4a3d079d057d.png','554544554','554544554','554544554','554544554','','','摘要摘要摘要摘要摘要','2016-01-20 00:00:00','2016-01-06 14:58:05','0000-00-00 00:00:00',-1,0),(13,1,2,2,1,'http://localhost:8082/box/upload/001/-1/20160106/5e131486-ca01-49d7-8856-4a3d079d057d.png','!!!!!!!!!!!!','!!!!!!!!!!!!','!!!!!!!!!!!!','!!!!!!!!!!!!','','','摘要摘要摘要摘要摘要','2016-01-19 00:00:00','2016-01-06 14:58:55','0000-00-00 00:00:00',-1,0),(14,1,2,2,1,'','','','','','','','摘要摘要摘要摘要摘要','0000-00-00 00:00:00','0000-00-00 00:00:00','0000-00-00 00:00:00',0,0),(15,-1,2,2,1,'','','','','','','','摘要摘要摘要摘要摘要','0000-00-00 00:00:00','0000-00-00 00:00:00','0000-00-00 00:00:00',0,0),(16,-1,2,2,1,'','','','','','','','摘要摘要摘要摘要摘要','0000-00-00 00:00:00','0000-00-00 00:00:00','0000-00-00 00:00:00',0,0),(17,-1,2,2,1,'','','','','','','','摘要摘要摘要摘要摘要','0000-00-00 00:00:00','0000-00-00 00:00:00','0000-00-00 00:00:00',0,0),(18,-1,2,2,1,'','','','','','','','摘要摘要摘要摘要摘要','0000-00-00 00:00:00','0000-00-00 00:00:00','0000-00-00 00:00:00',0,0),(19,-1,2,2,1,'','','','','','','','摘要摘要摘要摘要摘要','0000-00-00 00:00:00','0000-00-00 00:00:00','0000-00-00 00:00:00',0,0),(20,-1,2,2,1,'','','','','','','','摘要摘要摘要摘要摘要','0000-00-00 00:00:00','0000-00-00 00:00:00','0000-00-00 00:00:00',0,0),(21,-1,2,2,1,'','','','','','','','摘要摘要摘要摘要摘要','0000-00-00 00:00:00','0000-00-00 00:00:00','0000-00-00 00:00:00',0,0),(22,-1,2,2,1,'','','','','','','','摘要摘要摘要摘要摘要','0000-00-00 00:00:00','0000-00-00 00:00:00','0000-00-00 00:00:00',0,0),(23,1,5,NULL,2,'','标题','关键词','作者','来源','','','摘要摘要摘要','2016-01-27 00:00:00','2016-01-19 14:46:59','0000-00-00 00:00:00',1,0),(24,-1,5,NULL,2,'','fasdfasffadfas','dasfdfas','123213','dsfasdf','','','','2016-01-21 00:00:00','2016-01-21 13:41:08','0000-00-00 00:00:00',-1,0),(25,-1,5,NULL,2,'','标题','关键词','作者','来源','','','的身份的飞洒实得分','2016-01-13 00:00:00','2016-01-21 13:45:23','0000-00-00 00:00:00',-1,0),(26,-1,5,NULL,2,'','标题','关键词','作者','来源','','','的身份的飞洒实得分','2016-01-13 00:00:00','2016-01-21 13:45:25','0000-00-00 00:00:00',-1,0),(27,-1,5,NULL,2,'','标题','关键词','作者','来源','','','盛大发售的发生 阿斯顿打算','2016-01-22 00:00:00','2016-01-21 13:46:28','0000-00-00 00:00:00',-1,0),(28,-1,5,NULL,2,'','阿萨德发撒的发生','大师傅打算按时大多数','阿斯蒂芬阿斯顿','阿斯蒂芬','','','','2015-12-28 00:00:00','2016-01-21 13:49:17','0000-00-00 00:00:00',-1,0),(29,-1,5,NULL,2,'','阿萨德发撒的发生','大师傅打算按时大多数','阿斯蒂芬阿斯顿','阿斯蒂芬','','','','2015-12-28 00:00:00','2016-01-21 13:49:17','0000-00-00 00:00:00',-1,0),(30,-1,5,NULL,2,'http://localhost:8082/box/upload/001/-1/20160121/7771acd8-8592-470e-9b65-3181ae9d411d.png','阿斯顿发送到','第三方打算','大师傅阿斯顿阿斯蒂芬','打算发呆分撒旦法','','','大法师的范德萨善德阿斯顿','2016-01-26 00:00:00','2016-01-21 13:52:59','0000-00-00 00:00:00',-1,0),(31,1,2,2,1,'','dasfasdfdasfaf','','12321','312313','','','','0000-00-00 00:00:00','2016-01-26 16:30:00','0000-00-00 00:00:00',1,0);

UNLOCK TABLES;

/*Table structure for table `f_content_article` */

DROP TABLE IF EXISTS `f_content_article`;

CREATE TABLE `f_content_article` (
  `id` int(10) NOT NULL AUTO_INCREMENT COMMENT 'id',
  `txt` text NOT NULL COMMENT '内容',
  `create_time` datetime NOT NULL DEFAULT '0000-00-00 00:00:00' COMMENT '创建时间',
  `update_time` datetime NOT NULL DEFAULT '0000-00-00 00:00:00' COMMENT '修改时间',
  `create_id` int(11) NOT NULL DEFAULT '0' COMMENT '创建人id',
  `update_id` int(11) NOT NULL DEFAULT '0' COMMENT '修改人id',
  PRIMARY KEY (`id`)
) ENGINE=InnoDB AUTO_INCREMENT=16 DEFAULT CHARSET=utf8;

/*Data for the table `f_content_article` */

LOCK TABLES `f_content_article` WRITE;

insert  into `f_content_article`(`id`,`txt`,`create_time`,`update_time`,`create_id`,`update_id`) values (2,'<p>内容内容内容内容内容内容内容内容内容内容内容内容内容1111</p>','2015-12-30 13:35:57','2016-01-13 17:35:50',-1,1),(3,'<p>内容内容内容内容内容内容内容内容内容内容内容内容内容</p>','2015-12-30 13:43:55','0000-00-00 00:00:00',-1,0),(4,'<p>内容内容内容内容内容内容内容内容内容内容内容内容内容</p>','2015-12-30 13:44:32','0000-00-00 00:00:00',-1,0),(5,'<p>内容内容内容内容内容内容内容内容内容内容内容内容内容</p>','2015-12-30 13:46:14','0000-00-00 00:00:00',-1,0),(9,'<p>121212121212</p>','2016-01-06 14:03:25','0000-00-00 00:00:00',-1,0),(10,'<p>123213213</p>','2016-01-06 14:40:57','0000-00-00 00:00:00',-1,0),(11,'<p>@@@@@@@@@@@@</p>','2016-01-06 14:56:28','0000-00-00 00:00:00',-1,0),(12,'<p>554544554</p>','2016-01-06 14:58:05','0000-00-00 00:00:00',-1,0),(13,'<p>!!!!!!!!!!!!!!!!!!!!!!!!!!!!!!!!!!!!!!!!!!!!!!!!!!!!!!!!!!!!!!!!!!!!!!!!</p>','2016-01-06 14:58:55','2016-01-06 16:12:24',-1,-1),(14,'<p>大师法撒旦</p>','2016-01-12 13:32:20','0000-00-00 00:00:00',-1,0),(15,'<p>asfdasfdasfdasf</p>','2016-01-26 16:30:00','0000-00-00 00:00:00',1,0);

UNLOCK TABLES;

/*Table structure for table `f_content_video` */

DROP TABLE IF EXISTS `f_content_video`;

CREATE TABLE `f_content_video` (
  `id` int(11) NOT NULL AUTO_INCREMENT COMMENT 'f_content.id',
  `video_url` varchar(255) NOT NULL DEFAULT '' COMMENT '视频所在地址',
  `doctor` varchar(20) NOT NULL DEFAULT '' COMMENT '手术医生',
  `patient` varchar(20) NOT NULL DEFAULT '' COMMENT '患者',
  `operation_time` datetime NOT NULL DEFAULT '0000-00-00 00:00:00' COMMENT '手术时间',
  PRIMARY KEY (`id`)
) ENGINE=InnoDB AUTO_INCREMENT=9 DEFAULT CHARSET=utf8;

/*Data for the table `f_content_video` */

LOCK TABLES `f_content_video` WRITE;

insert  into `f_content_video`(`id`,`video_url`,`doctor`,`patient`,`operation_time`) values (1,'','医生','患者,2016-01-13','0000-00-00 00:00:00'),(2,'','wde','dasf,2016-01-20','0000-00-00 00:00:00'),(3,'','医生','患者','2016-01-25 00:00:00'),(4,'','医生','患者','2016-01-25 00:00:00'),(5,'','医生','患者','2016-01-13 00:00:00'),(6,'','','','0000-00-00 00:00:00'),(7,'','','','0000-00-00 00:00:00'),(8,'http://localhost:8082/box/upload/001/-1/20160121/8dce100d-ea98-449a-9fa2-98dbc319f852.mp4','大师法撒旦','大师傅阿斯顿阿斯顿','2016-01-26 00:00:00');

UNLOCK TABLES;

/*Table structure for table `f_member` */

DROP TABLE IF EXISTS `f_member`;

CREATE TABLE `f_member` (
  `id` int(10) NOT NULL AUTO_INCREMENT COMMENT 'id',
  `username` varchar(50) NOT NULL DEFAULT '' COMMENT '用户名',
  `mobile` varchar(15) NOT NULL DEFAULT '' COMMENT '手机号',
  `email` varchar(50) NOT NULL DEFAULT '' COMMENT '邮箱',
  `password` varchar(255) NOT NULL DEFAULT '' COMMENT '密码',
  `face` varchar(255) NOT NULL DEFAULT '' COMMENT '头像',
  `name` varchar(20) NOT NULL DEFAULT '' COMMENT '姓名',
  `nation` varchar(20) NOT NULL DEFAULT '' COMMENT '民族',
  `origin_place` varchar(40) NOT NULL DEFAULT '' COMMENT '籍贯',
  `home_address` varchar(40) NOT NULL DEFAULT '' COMMENT '家庭住址',
  `birthday` date NOT NULL DEFAULT '0000-00-00' COMMENT '生日',
  `sex` tinyint(4) NOT NULL DEFAULT '0' COMMENT '姓名',
  `sign` varchar(25) NOT NULL DEFAULT '' COMMENT '用户签名',
  `bind_mobile_flag` tinyint(4) NOT NULL DEFAULT '0' COMMENT '绑定手机号标识',
  `bind_email_flag` tinyint(4) NOT NULL DEFAULT '0' COMMENT '绑定邮箱标识',
  `status` tinyint(4) NOT NULL DEFAULT '0' COMMENT '用户状态 0:正常 1:查封 2:待审核',
  `reg_ip` varchar(20) NOT NULL DEFAULT '' COMMENT '注册ip',
  `reg_time` datetime NOT NULL DEFAULT '0000-00-00 00:00:00' COMMENT '注册时间',
  `create_time` datetime NOT NULL DEFAULT '0000-00-00 00:00:00' COMMENT '创建时间',
  `update_time` datetime NOT NULL DEFAULT '0000-00-00 00:00:00' COMMENT '修改时间',
  `create_id` int(11) NOT NULL DEFAULT '0' COMMENT '创建人id',
  `update_id` int(11) NOT NULL DEFAULT '0' COMMENT '修改人id',
  PRIMARY KEY (`id`),
  UNIQUE KEY `idx_uni_username` (`username`),
  UNIQUE KEY `idx_uni_email` (`email`)
) ENGINE=InnoDB AUTO_INCREMENT=3 DEFAULT CHARSET=utf8;

/*Data for the table `f_member` */

LOCK TABLES `f_member` WRITE;

insert  into `f_member`(`id`,`username`,`mobile`,`email`,`password`,`face`,`name`,`nation`,`origin_place`,`home_address`,`birthday`,`sex`,`sign`,`bind_mobile_flag`,`bind_email_flag`,`status`,`reg_ip`,`reg_time`,`create_time`,`update_time`,`create_id`,`update_id`) values (1,'eacdy','15850770072','eacdy0000@126.com','$2a$04$vt2kTfWPKsnfDspWtCz90uZwV8H7vpV5bBeYIok1IImnYWnd3NKU2','','','','','','0000-00-00',0,'宣言: 我就是我',1,1,0,'0:0:0:0:0:0:0:1','2016-01-06 16:03:04','2016-01-06 16:03:04','2016-01-06 16:03:16',-1,-1),(2,'&amp;lt;&amp;lt;&amp;lt;eacdy','15151816012','511932633@qq.com','$2a$04$NadI2AbAcn/ocz1xvU5fEulhu/CFbJqtL8/4inIIkQqQHpiG5jFpa','','','','','','0000-00-00',0,'',0,0,0,'0:0:0:0:0:0:0:1','2016-01-28 23:17:58','2016-01-28 23:17:58','0000-00-00 00:00:00',-1,0);

UNLOCK TABLES;

/*Table structure for table `f_member_log` */

DROP TABLE IF EXISTS `f_member_log`;

CREATE TABLE `f_member_log` (
  `id` int(10) NOT NULL AUTO_INCREMENT COMMENT 'id',
  `member_id` int(11) NOT NULL DEFAULT '0' COMMENT 'f_member',
  `operation` tinyint(4) NOT NULL DEFAULT '0' COMMENT '操作 1:登陆 2:注册 3:忘记密码 4:修改密码',
  `time` datetime NOT NULL DEFAULT '0000-00-00 00:00:00' COMMENT '操作时间',
  `ip` varchar(20) NOT NULL DEFAULT '' COMMENT '操作ip',
  `create_time` datetime NOT NULL DEFAULT '0000-00-00 00:00:00' COMMENT '创建时间',
  `update_time` datetime NOT NULL DEFAULT '0000-00-00 00:00:00' COMMENT '修改时间',
  `create_id` int(11) NOT NULL DEFAULT '0' COMMENT '创建人id',
  `update_id` int(11) NOT NULL DEFAULT '0' COMMENT '修改人id',
  PRIMARY KEY (`id`)
) ENGINE=InnoDB AUTO_INCREMENT=12 DEFAULT CHARSET=utf8;

/*Data for the table `f_member_log` */

LOCK TABLES `f_member_log` WRITE;

insert  into `f_member_log`(`id`,`member_id`,`operation`,`time`,`ip`,`create_time`,`update_time`,`create_id`,`update_id`) values (1,1,0,'2016-01-06 16:03:23','0:0:0:0:0:0:0:1','2016-01-06 16:03:23','0000-00-00 00:00:00',1,0),(2,1,0,'2016-01-08 11:17:05','0:0:0:0:0:0:0:1','2016-01-08 11:17:05','0000-00-00 00:00:00',1,0),(3,1,0,'2016-01-10 16:34:11','0:0:0:0:0:0:0:1','2016-01-10 16:34:11','0000-00-00 00:00:00',1,0),(4,1,0,'2016-01-11 10:00:28','0:0:0:0:0:0:0:1','2016-01-11 10:00:28','0000-00-00 00:00:00',1,0),(5,1,0,'2016-01-13 14:38:14','0:0:0:0:0:0:0:1','2016-01-13 14:38:14','0000-00-00 00:00:00',1,0),(6,1,0,'2016-01-13 15:14:38','0:0:0:0:0:0:0:1','2016-01-13 15:14:38','0000-00-00 00:00:00',1,0),(7,1,0,'2016-01-13 16:15:28','0:0:0:0:0:0:0:1','2016-01-13 16:15:28','0000-00-00 00:00:00',1,0),(8,1,0,'2016-01-19 09:41:45','0:0:0:0:0:0:0:1','2016-01-19 09:41:45','0000-00-00 00:00:00',1,0),(9,1,0,'2016-01-19 09:41:57','0:0:0:0:0:0:0:1','2016-01-19 09:41:57','0000-00-00 00:00:00',1,0),(10,1,0,'2016-01-21 13:32:21','0:0:0:0:0:0:0:1','2016-01-21 13:32:21','0000-00-00 00:00:00',1,0),(11,1,0,'2016-01-26 16:23:36','0:0:0:0:0:0:0:1','2016-01-26 16:23:36','0000-00-00 00:00:00',1,0);

UNLOCK TABLES;

/*Table structure for table `f_sort` */

DROP TABLE IF EXISTS `f_sort`;

CREATE TABLE `f_sort` (
  `id` int(10) NOT NULL AUTO_INCREMENT COMMENT 'id 二级分类id',
  `parent_id` int(11) NOT NULL DEFAULT '0' COMMENT '父id',
  `category_id` int(11) NOT NULL DEFAULT '0' COMMENT 'f_category.id',
  `name` varchar(50) NOT NULL DEFAULT '' COMMENT '名称',
  `title` varchar(255) NOT NULL DEFAULT '' COMMENT '标题',
  `keyword` varchar(255) NOT NULL DEFAULT '' COMMENT '关键词',
  `description` varchar(255) NOT NULL DEFAULT '' COMMENT '描述',
  `list_order` smallint(6) NOT NULL DEFAULT '0' COMMENT '排序',
  `create_time` datetime NOT NULL DEFAULT '0000-00-00 00:00:00' COMMENT '创建时间',
  `update_time` datetime NOT NULL DEFAULT '0000-00-00 00:00:00' COMMENT '修改时间',
  `create_id` int(11) NOT NULL DEFAULT '0' COMMENT '创建人id',
  `update_id` int(11) NOT NULL DEFAULT '0' COMMENT '修改人id',
  PRIMARY KEY (`id`)
) ENGINE=InnoDB AUTO_INCREMENT=5 DEFAULT CHARSET=utf8;

/*Data for the table `f_sort` */

LOCK TABLES `f_sort` WRITE;

insert  into `f_sort`(`id`,`parent_id`,`category_id`,`name`,`title`,`keyword`,`description`,`list_order`,`create_time`,`update_time`,`create_id`,`update_id`) values (1,0,2,'分类:ID1','分类:ID1','分类:ID1','分类:ID1',0,'2015-12-30 13:28:24','0000-00-00 00:00:00',-1,0),(2,1,2,'子分类:ID2','子分类:ID2','子分类:ID2','子分类:ID2',0,'2015-12-30 13:28:40','0000-00-00 00:00:00',-1,0),(3,0,2,'11','22','','',0,'0000-00-00 00:00:00','0000-00-00 00:00:00',0,0),(4,0,3,'视频的二级分类','视频的二级分类','视频的二级分类','视频的二级分类',0,'2016-01-13 20:09:41','0000-00-00 00:00:00',1,0);

UNLOCK TABLES;

/*Table structure for table `f_tag` */

DROP TABLE IF EXISTS `f_tag`;

CREATE TABLE `f_tag` (
  `id` int(10) NOT NULL AUTO_INCREMENT COMMENT 'id',
  `name` varchar(40) NOT NULL DEFAULT '' COMMENT '标签名称',
  `default_flag` tinyint(1) NOT NULL DEFAULT '0' COMMENT '是否默认 0否 1是',
  `create_time` datetime NOT NULL DEFAULT '0000-00-00 00:00:00' COMMENT '创建时间',
  `update_time` datetime NOT NULL DEFAULT '0000-00-00 00:00:00' COMMENT '修改时间',
  `create_id` int(11) NOT NULL DEFAULT '0' COMMENT '创建人id',
  `update_id` int(11) NOT NULL DEFAULT '0' COMMENT '修改人id',
  PRIMARY KEY (`id`)
) ENGINE=InnoDB AUTO_INCREMENT=31 DEFAULT CHARSET=utf8;

/*Data for the table `f_tag` */

LOCK TABLES `f_tag` WRITE;

insert  into `f_tag`(`id`,`name`,`default_flag`,`create_time`,`update_time`,`create_id`,`update_id`) values (1,'默认标签1',1,'0000-00-00 00:00:00','0000-00-00 00:00:00',0,0),(2,'默认标签2',1,'0000-00-00 00:00:00','0000-00-00 00:00:00',0,0),(3,'默认标签3',1,'0000-00-00 00:00:00','0000-00-00 00:00:00',0,0),(4,'111111111111111',0,'2015-12-29 19:20:56','0000-00-00 00:00:00',-1,0),(5,'222222222',0,'2015-12-29 21:29:23','0000-00-00 00:00:00',-1,0),(6,'1111111111',0,'2015-12-30 11:56:07','0000-00-00 00:00:00',-1,0),(10,'标签3',0,'2015-12-30 13:35:57','0000-00-00 00:00:00',-1,0),(11,'标签1',0,'2015-12-30 13:35:57','0000-00-00 00:00:00',-1,0),(12,'标签2',0,'2015-12-30 13:35:57','0000-00-00 00:00:00',-1,0),(16,'12121',0,'2016-01-06 14:03:25','0000-00-00 00:00:00',-1,0),(17,'111',0,'2016-01-06 14:40:57','0000-00-00 00:00:00',-1,0),(18,'@@@@@@@@@@@@',0,'2016-01-06 14:56:28','0000-00-00 00:00:00',-1,0),(19,'554544554',0,'2016-01-06 14:58:05','0000-00-00 00:00:00',-1,0),(23,'!!!!!!!!!!!!',0,'2016-01-06 15:19:00','0000-00-00 00:00:00',-1,0),(24,'@@@@@@@@@@@@@@',0,'2016-01-06 15:59:29','0000-00-00 00:00:00',-1,0),(25,'222',0,'2016-01-13 17:35:50','0000-00-00 00:00:00',1,0),(26,'@@@',0,'2016-01-13 17:35:54','0000-00-00 00:00:00',1,0),(27,'标签',0,'2016-01-19 14:46:59','0000-00-00 00:00:00',1,0),(28,'dasffasd',0,'2016-01-21 13:41:09','0000-00-00 00:00:00',-1,0),(29,'打发善德',0,'2016-01-21 13:49:17','0000-00-00 00:00:00',-1,0),(30,'大师傅阿斯顿',0,'2016-01-21 13:53:17','0000-00-00 00:00:00',-1,0);

UNLOCK TABLES;

/*Table structure for table `mid_content_recomend` */

DROP TABLE IF EXISTS `mid_content_recomend`;

CREATE TABLE `mid_content_recomend` (
  `id` int(11) NOT NULL AUTO_INCREMENT COMMENT 'id',
  `content_id` int(11) NOT NULL DEFAULT '0' COMMENT 'f_content.id',
  `recomend_id` int(11) NOT NULL DEFAULT '0' COMMENT 'f_recomend.id',
  PRIMARY KEY (`id`)
) ENGINE=InnoDB AUTO_INCREMENT=34 DEFAULT CHARSET=utf8;

/*Data for the table `mid_content_recomend` */

LOCK TABLES `mid_content_recomend` WRITE;

insert  into `mid_content_recomend`(`id`,`content_id`,`recomend_id`) values (1,2,4),(2,3,4),(3,3,0),(4,3,0),(5,4,0),(6,4,0),(7,4,0),(8,4,0),(9,5,4),(10,5,3),(11,5,1),(12,5,2),(20,13,4),(21,13,2),(22,13,1),(23,13,3),(24,23,1),(25,23,3),(26,25,4),(27,25,1),(28,26,4),(29,26,1),(30,27,1),(31,27,4),(32,30,2),(33,30,1);

UNLOCK TABLES;

/*Table structure for table `mid_content_tag` */

DROP TABLE IF EXISTS `mid_content_tag`;

CREATE TABLE `mid_content_tag` (
  `id` int(11) NOT NULL AUTO_INCREMENT COMMENT 'id',
  `content_id` int(11) NOT NULL DEFAULT '0' COMMENT 'f_content.id',
  `tag_id` int(11) NOT NULL DEFAULT '0' COMMENT 'f_tag.id',
  PRIMARY KEY (`id`)
) ENGINE=InnoDB AUTO_INCREMENT=48 DEFAULT CHARSET=utf8;

/*Data for the table `mid_content_tag` */

LOCK TABLES `mid_content_tag` WRITE;

insert  into `mid_content_tag`(`id`,`content_id`,`tag_id`) values (4,3,12),(5,3,11),(6,3,10),(7,4,12),(8,4,11),(9,4,10),(10,5,11),(11,5,12),(12,5,10),(16,9,16),(17,10,17),(18,11,18),(19,12,19),(29,13,24),(34,2,26),(35,2,1),(36,2,25),(37,23,27),(38,24,28),(39,25,27),(40,26,27),(41,27,27),(42,28,29),(43,29,29),(44,30,30),(45,31,3),(46,31,1),(47,31,2);

UNLOCK TABLES;

/*Table structure for table `persistent_logins` */

DROP TABLE IF EXISTS `persistent_logins`;

CREATE TABLE `persistent_logins` (
  `username` varchar(64) NOT NULL,
  `series` varchar(64) NOT NULL,
  `token` varchar(64) NOT NULL,
  `last_used` timestamp NOT NULL DEFAULT CURRENT_TIMESTAMP ON UPDATE CURRENT_TIMESTAMP,
  PRIMARY KEY (`series`)
) ENGINE=InnoDB DEFAULT CHARSET=utf8;

/*Data for the table `persistent_logins` */

LOCK TABLES `persistent_logins` WRITE;

insert  into `persistent_logins`(`username`,`series`,`token`,`last_used`) values ('itmuch0000@126.com','vMkWwWTc7r2En+exf5KksQ==','Ugem3SREW/V9PMs4L6Mwdg==','2015-12-23 13:25:22');

UNLOCK TABLES;

/*!40101 SET SQL_MODE=@OLD_SQL_MODE */;
/*!40014 SET FOREIGN_KEY_CHECKS=@OLD_FOREIGN_KEY_CHECKS */;
/*!40014 SET UNIQUE_CHECKS=@OLD_UNIQUE_CHECKS */;
/*!40111 SET SQL_NOTES=@OLD_SQL_NOTES */;
